START TRANSACTION;

INSERT INTO `shoken` VALUES ('860-5678901', 'Hikaru Miyashita', '1995-07-06', NULL, CURRENT_TIMESTAMP, CURRENT_TIMESTAMP, CURRENT_TIMESTAMP);
INSERT INTO `shoken` VALUES ('860-5678902', 'Hiroki Yoshida', '1988-04-16', NULL, CURRENT_TIMESTAMP, CURRENT_TIMESTAMP, CURRENT_TIMESTAMP);
INSERT INTO `shoken` VALUES ('860-5678903', 'Empty San', '1955-05-01', NULL, CURRENT_TIMESTAMP, CURRENT_TIMESTAMP, CURRENT_TIMESTAMP);

INSERT INTO `ukeban` VALUES ('UKEBAN78901', '860-5678901', NULL, '2019-10-01', CURRENT_TIMESTAMP, CURRENT_TIMESTAMP, CURRENT_TIMESTAMP);
INSERT INTO `ukeban` VALUES ('UKEBAN78902', '860-5678901', NULL, '2019-11-01', CURRENT_TIMESTAMP, CURRENT_TIMESTAMP, CURRENT_TIMESTAMP);
INSERT INTO `ukeban` VALUES ('UKEBAN78903', '860-5678901', NULL, '2019-11-10', CURRENT_TIMESTAMP, CURRENT_TIMESTAMP, CURRENT_TIMESTAMP);

INSERT INTO `ukeban` VALUES ('UKEBAN78911', '860-5678902', NULL, '2019-11-01', CURRENT_TIMESTAMP, CURRENT_TIMESTAMP, CURRENT_TIMESTAMP);
INSERT INTO `ukeban` VALUES ('UKEBAN78912', '860-5678902', NULL, '2019-11-01', CURRENT_TIMESTAMP, CURRENT_TIMESTAMP, CURRENT_TIMESTAMP);
INSERT INTO `ukeban` VALUES ('UKEBAN78913', '860-5678902', NULL, '2019-11-02', CURRENT_TIMESTAMP, CURRENT_TIMESTAMP, CURRENT_TIMESTAMP);

INSERT INTO `shujutsu` VALUES (0, '860-5678901', 'UKEBAN78901', '2019-11-01', '2019-10-01', '2020-01-01', 30, CURRENT_TIMESTAMP, CURRENT_TIMESTAMP, CURRENT_TIMESTAMP);
INSERT INTO `shujutsu` VALUES (0, '860-5678902', 'UKEBAN78911', '2019-11-01', '2019-10-02', '2020-01-01', 30, CURRENT_TIMESTAMP, CURRENT_TIMESTAMP, CURRENT_TIMESTAMP);

INSERT INTO `nyuin` VALUES (0, '860-5678901', 'UKEBAN78901', '2019-11-01', '2019-11-05', '2019-10-01', '2020-01-01', 30, CURRENT_TIMESTAMP, CURRENT_TIMESTAMP, CURRENT_TIMESTAMP);
INSERT INTO `nyuin` VALUES (0, '860-5678902', 'UKEBAN78912', '2019-11-01', '2019-11-10', '2019-10-10', '2020-02-01', 30, CURRENT_TIMESTAMP, CURRENT_TIMESTAMP, CURRENT_TIMESTAMP);

INSERT INTO `tsuin` VALUES (0, '860-5678902', 'UKEBAN78913', '2019-11-01', CURRENT_TIMESTAMP, CURRENT_TIMESTAMP, CURRENT_TIMESTAMP);
INSERT INTO `tsuin` VALUES (0, '860-5678902', 'UKEBAN78913', '2020-01-02', CURRENT_TIMESTAMP, CURRENT_TIMESTAMP, CURRENT_TIMESTAMP);
INSERT INTO `tsuin` VALUES (0, '860-5678902', 'UKEBAN78913', '2019-10-01', CURRENT_TIMESTAMP, CURRENT_TIMESTAMP, CURRENT_TIMESTAMP);
INSERT INTO `tsuin` VALUES (0, '860-5678901', 'UKEBAN78903', '2019-11-01', CURRENT_TIMESTAMP, CURRENT_TIMESTAMP, CURRENT_TIMESTAMP);
INSERT INTO `tsuin` VALUES (0, '860-5678901', 'UKEBAN78903', '2019-11-11', CURRENT_TIMESTAMP, CURRENT_TIMESTAMP, CURRENT_TIMESTAMP);
INSERT INTO `tsuin` VALUES (0, '860-5678901', 'UKEBAN78903', '2019-11-21', CURRENT_TIMESTAMP, CURRENT_TIMESTAMP, CURRENT_TIMESTAMP);
INSERT INTO `tsuin` VALUES (0, '860-5678901', 'UKEBAN78903', '2019-12-01', CURRENT_TIMESTAMP, CURRENT_TIMESTAMP, CURRENT_TIMESTAMP);
INSERT INTO `tsuin` VALUES (0, '860-5678901', 'UKEBAN78903', '2019-12-11', CURRENT_TIMESTAMP, CURRENT_TIMESTAMP, CURRENT_TIMESTAMP);

COMMIT;
