START TRANSACTION;

INSERT INTO `shoken` VALUES ('825-5678901', 'Hikaru Miyashita', '1995-07-06', '', CURRENT_TIMESTAMP, CURRENT_TIMESTAMP, NULL);
INSERT INTO `shoken` VALUES ('825-5678902', 'Hiroki Yoshida', '1988-04-16', '', CURRENT_TIMESTAMP, CURRENT_TIMESTAMP, NULL);
INSERT INTO `shoken` VALUES ('825-5678903', 'Empty San', '1955-05-01', '', CURRENT_TIMESTAMP, CURRENT_TIMESTAMP, NULL);

INSERT INTO `ukeban` VALUES ('E01-1908-8178901', '825-5678901', NULL, '2019-10-01', CURRENT_TIMESTAMP, CURRENT_TIMESTAMP, NULL);
INSERT INTO `ukeban` VALUES ('E01-1908-8178902', '825-5678901', NULL, '2019-11-01', CURRENT_TIMESTAMP, CURRENT_TIMESTAMP, NULL);
INSERT INTO `ukeban` VALUES ('E01-1908-8178903', '825-5678901', NULL, '2019-11-10', CURRENT_TIMESTAMP, CURRENT_TIMESTAMP, NULL);

INSERT INTO `ukeban` VALUES ('E01-1908-8178911', '825-5678902', NULL, '2019-11-01', CURRENT_TIMESTAMP, CURRENT_TIMESTAMP, NULL);
INSERT INTO `ukeban` VALUES ('E01-1908-8178912', '825-5678902', NULL, '2019-11-01', CURRENT_TIMESTAMP, CURRENT_TIMESTAMP, NULL);
INSERT INTO `ukeban` VALUES ('E01-1908-8178913', '825-5678902', NULL, '2019-11-02', CURRENT_TIMESTAMP, CURRENT_TIMESTAMP, NULL);

INSERT INTO `shujutsu` VALUES (0, '825-5678901', 'E01-1908-8178901', '2019-11-01', '2019-10-01', '2020-01-01', 30, CURRENT_TIMESTAMP, CURRENT_TIMESTAMP, NULL);
INSERT INTO `shujutsu` VALUES (0, '825-5678902', 'E01-1908-8178911', '2019-11-01', '2019-10-02', '2020-01-01', 30, CURRENT_TIMESTAMP, CURRENT_TIMESTAMP, NULL);

INSERT INTO `nyuin` VALUES (0, '825-5678901', 'E01-1908-8178901', '2019-11-01', '2019-11-05', '2019-10-01', '2020-01-01', 30, CURRENT_TIMESTAMP, CURRENT_TIMESTAMP, NULL);
INSERT INTO `nyuin` VALUES (0, '825-5678902', 'E01-1908-8178912', '2019-11-01', '2019-11-10', '2019-10-10', '2020-02-01', 30, CURRENT_TIMESTAMP, CURRENT_TIMESTAMP, NULL);

INSERT INTO `tsuin` VALUES (0, '825-5678902', 'E01-1908-8178913', '2019-11-01', CURRENT_TIMESTAMP, CURRENT_TIMESTAMP, NULL);
INSERT INTO `tsuin` VALUES (0, '825-5678902', 'E01-1908-8178913', '2020-01-02', CURRENT_TIMESTAMP, CURRENT_TIMESTAMP, NULL);
INSERT INTO `tsuin` VALUES (0, '825-5678902', 'E01-1908-8178913', '2019-10-01', CURRENT_TIMESTAMP, CURRENT_TIMESTAMP, NULL);
INSERT INTO `tsuin` VALUES (0, '825-5678901', 'E01-1908-8178903', '2019-11-01', CURRENT_TIMESTAMP, CURRENT_TIMESTAMP, NULL);
INSERT INTO `tsuin` VALUES (0, '825-5678901', 'E01-1908-8178903', '2019-11-11', CURRENT_TIMESTAMP, CURRENT_TIMESTAMP, NULL);
INSERT INTO `tsuin` VALUES (0, '825-5678901', 'E01-1908-8178903', '2019-11-21', CURRENT_TIMESTAMP, CURRENT_TIMESTAMP, NULL);
INSERT INTO `tsuin` VALUES (0, '825-5678901', 'E01-1908-8178903', '2019-12-01', CURRENT_TIMESTAMP, CURRENT_TIMESTAMP, NULL);
INSERT INTO `tsuin` VALUES (0, '825-5678901', 'E01-1908-8178903', '2019-12-11', CURRENT_TIMESTAMP, CURRENT_TIMESTAMP, NULL);

COMMIT;
